Delta,Theta,Alpha,Beta,Gamma
1.4563216203058744,0.8035754208874887,0.6151113547890701,0.7047108924473519,0.5447188835831344
1.699804482604191,1.251901164675755,1.163864955955102,1.2312133939385108,1.0870092055104796
1.7406869791007238,1.3310218983001092,1.3572270610247041,1.4344186500165814,1.3840890213007688
1.5239436568510054,1.3104014092344725,1.394406538460098,1.4740803668939773,1.478122442897963
1.4068717027101054,1.3992683724272836,1.5051465848617402,1.4094675499940659,1.4054015591397298
1.3285175326584515,1.3876503644775007,1.49886559502799,1.4327329124536183,1.3496567118764413
1.211371299421882,1.2545934085721768,1.3576033476601874,1.468974026950092,1.4314964255730274
1.000376723785688,1.0715450739071375,1.220059035590886,1.4515780387653685,1.4211384936849303
0.737093115507279,1.1614450979724853,1.298020931027037,1.459319405642677,1.4504240623474742
0.7045273589084747,1.1967007142819959,1.305575692141871,1.4459244619873592,1.4707074807028515
0.8761025663862156,1.0661000172519535,1.1989239069853155,1.4828114889304853,1.4265165646557463
1.1023305660117573,1.0068909039501883,1.136095010847054,1.482225942988866,1.4259225014528767
1.281685904386739,1.002477288563084,1.0963588581743569,1.492036797680191,1.466926333128315
1.341296281705943,1.1785737951289392,1.1501819169705323,1.5087878694068777,1.5094266441965076
1.407720975338944,1.2682295313511154,1.2399329927834175,1.4978916013064412,1.4390587793918421
1.3734675126561076,1.2889640163886322,1.3905840837935284,1.4258333510995036,1.2626417763864293
1.3141296988931763,1.306948953232369,1.3906433089661836,1.3535060194582211,1.0684810106574611
1.3347746955126076,1.090587824058102,1.153141992515823,1.1212105221088742,0.816917360142467
1.3495176986315423,0.6909832666801679,0.7435060515166967,1.0282211380075261,0.9470143761633744
1.2995975211298043,0.8769738323153214,0.9776296174679148,1.1996013949328774,1.199822418964282
1.2586841188141566,0.9521821508310153,0.9150359020235846,1.1293674933438334,1.147541467713695
1.3575436483816985,1.0858883951975622,0.8541929009819997,0.8285869855550902,0.9115847407055006
1.8173208260430158,1.4115348575707538,0.9622688657115664,0.8094469040968567,0.7443223966786935
1.9821817734016074,1.6454925724631888,1.1415407474773474,0.807794926679693,0.6687347906768468
1.9297624506715785,1.572521472049266,1.035697337872052,0.698307692106256,0.5189284464594355
1.4733861870718403,1.1071455075843946,0.63378744564131,0.6316096561310818,0.44069417526574106
1.0189987319807392,0.4676796161909413,0.45787658516232405,0.6169710387729401,0.49641931735721695
2.0378898231789986,1.2381999502998338,0.7676397014813171,0.7758326515937518,0.6515787303385814
2.2248954240126775,1.7908142013398074,1.4592158029167694,1.079449633454788,1.0677027650554551
2.4831170502269426,2.058843307437137,1.8553611247332524,1.265624027966153,1.395894488047233
2.4060421855479635,2.0525819339233213,1.9004082658725137,1.3652226608912343,1.4975993926121431
2.343794368000437,1.7440500966500767,1.6428066375989983,1.210109834611315,1.2985627306138126
2.106564635897375,1.4855688478614673,1.161128798609937,0.8451004219284545,0.7543659473714427
1.9014674649304866,1.279502440918521,0.8309662427296253,0.7308444581505654,0.48286069702100937
1.7043110096915224,1.1566741717968834,0.50265421637175,0.6928282633208811,0.5398644178824402
1.609002925047778,1.3829876465715445,0.9474277415225859,0.8946916349346336,0.8843664667032582
1.6311627991862867,1.514514564821876,1.1886365828398808,1.0480375656984648,1.1943580073713456
1.8091725279156115,1.4566729207710583,1.3226125825957027,1.1137764634014842,1.2352064741323106
1.8234005771239348,1.4283946710529,1.2828979922945583,1.0701027323916688,1.0286817174890375
1.8319244320538874,1.2182169613217542,1.1364846621597307,0.8990850648793125,0.6479684880629357
1.7557840824433164,1.134651193231267,0.8900738547667193,0.6990052470711506,0.49769293300778683
2.0758037000001317,1.6520604028994592,1.3245854208212264,0.9457226325695547,0.9946084923236672
2.410894686891033,1.8959955416896226,1.6658160928905155,1.3174225628718976,1.2570638154177527
2.46530624270639,1.943307946645905,1.7275700117393091,1.4997158952620095,1.2907546945077275
2.4534608570787806,1.9328344561495867,1.682792273310903,1.5416634206820954,1.3623181676142755
2.4918399881466393,2.068996263254531,1.5653653271750534,1.5392816599927508,1.4364083481490155
2.3837383290748853,2.1249527639462453,1.5286868436673853,1.4897491571650343,1.404183671885995
2.4382362875400583,2.146238824435596,1.6358400324848965,1.5548397220461605,1.3795161864978511
2.3254891596630305,1.8889219927566991,1.5775275679418284,1.4342691176921663,1.171311201605558
2.247269134913962,1.4880848228285233,1.1852912814616068,1.0126705864459502,0.7589603937046943
1.9652413516526974,1.5845064944011227,0.9770516154146772,0.7545865290080137,0.5129242725114173
1.7758310084529487,1.4316588034199302,0.7668951792350706,0.6337959446232531,0.44784182865852545
1.4729691928129045,0.9246285793590922,0.48773172713222857,0.5884080818292795,0.35531073957575154
1.2048698602757129,0.14644809555128935,0.539989715818743,0.5586771537282802,0.3611173368255661
0.967770455351621,0.1265186648660005,0.5296105720774587,0.5384963881797523,0.5059815048776036
0.8827701586402639,0.13110597908220079,0.43622338589409193,0.5805320578578979,0.4896803390024359
0.501346705782543,-0.053014726902465545,0.4304809338501936,0.6205712276411249,0.4205503887948346
0.5144869185256559,0.155892610085058,0.38584188764207195,0.6081338813200794,0.4392982814372439
0.2861369866674955,0.227748654744326,0.3912859156302846,0.6330483736773455,0.5264020463646842
0.1792472557102889,0.12367904021812676,0.39389476085102065,0.6050402583816535,0.5144389637105498
0.1749426691591157,0.22041768523384278,0.42318280188500307,0.6008297858684942,0.47393155736050635
0.02226922525436592,0.39056798610169347,0.5372542177701018,0.6085490408473082,0.43356983763509144
0.20132953940629658,0.3541147165676755,0.5632285051516485,0.5423427264015592,0.5040097400322604
0.11015159550543285,0.12253471817011595,0.5006753879691821,0.5328276961310013,0.5550443208809293
0.06445220273566596,0.18473861159459531,0.3969651195351751,0.6200746014964897,0.463564333704127
-0.06436826935299414,0.42436852905693545,0.32292260066142464,0.6437731068669417,0.5092175096832637
-0.030828427519607845,0.41700661145715034,0.3619294413392179,0.646453824091153,0.5357319996425799
0.23916803629959016,0.20890164915921572,0.406736129053502,0.639339720394377,0.5006791386708163
0.38506810424875015,0.19346218272732887,0.4356382614936111,0.5866326722636431,0.40515359444181026
0.43807550332992096,0.1339425701721836,0.46019974786988715,0.5986045183837839,0.4969231529263634
0.3326707874876026,-0.05407448302398827,0.43840705369342114,0.563032755833775,0.4570559872892443
1.736553024149208,0.991316740930433,0.909760185438248,0.7454965289718848,0.5754574379283897
2.0784152795516677,1.5724300257305226,1.5237793221931524,1.1035139215668321,1.0102730776180868
2.325991469896447,1.8223019566552179,1.8496611733399795,1.3733348335242572,1.263298759558267
2.3049159536410033,1.7884500590818635,1.8518130916341322,1.462224214243316,1.305592739355796
2.0034757126506713,1.6266300280100976,1.5592121292026548,1.3481696630656759,1.1729405119544758
1.648844835329135,1.4601924195106843,1.265619456956473,1.3527676902985701,1.2842111878111346
1.541906522037149,1.4216561600117061,1.3461928918192239,1.4454450363873184,1.3831688928751509
1.8530313365929487,1.169700629469164,1.3167698805987549,1.5055060552251307,1.4085434653419193
2.240740169443847,1.653185618338311,1.1798500349181806,1.4125989797609082,1.331350819784251
2.3867515886538824,2.006080345959512,1.4680172598608234,1.358627130665031,1.274416106416041
2.3653197834121444,2.060493493202381,1.6249218323541956,1.36518053711054,1.2687773141435008
2.397486467759702,2.0807908283802856,1.7039299861149928,1.4553049869221397,1.136297711712964
2.5181382495036324,2.156478433705025,1.774895689596119,1.5095258923462056,1.2497192379896291
2.5086051046624243,2.295863806414046,1.8013420534018612,1.458055102590859,1.3938116503069933
2.446708386274741,2.251675836795868,1.783535951638538,1.4669532978196966,1.3215387449693226
2.362319771556164,1.95037361251079,1.5881722101459883,1.2609546685398383,1.0199618892489284
2.337159274082051,1.5705164101017233,1.589712904988542,1.170660290395106,1.1264130941690347
2.2400405383221185,1.5905870651986191,1.650867310634786,1.2616738652576376,1.2285410061173623
2.4543340678150907,1.7807570857583637,1.6577806000112996,1.3137133321799994,1.2036449807848417
2.5498548998794637,2.0337412519344604,1.6599982974430396,1.5013800563402173,1.1633940556094244
2.4999810032956846,2.14814022684899,1.6840236409281255,1.5138361727731555,1.226222713556806
2.587466174804886,1.9418675145570892,1.5871774667455516,1.2500890449139874,1.0492354753146442
2.5708254327239177,1.9952868136269764,1.7399485362481286,1.3351262142830806,0.7616629552131475
2.6195887853785416,2.080229549997947,1.825964160334612,1.3821186057951163,1.0036318685024679
2.5668302653386146,1.938601939495132,1.765666376509488,1.1646616911387935,1.1931930880762194
2.4524766618116507,1.8609523638959482,1.6852059358026557,1.2205511856776043,1.1733136951222447
2.2990128425718823,1.829668513102102,1.5299550553763541,1.3709155181384838,1.2512342721018308
1.9902063591378,1.5944864113717407,1.4162738218096251,1.4234355828351113,1.3783871485677006
1.6932991721197417,1.4530761052534982,1.4132823718773115,1.4551990988120849,1.3556338890645174
1.8682844977003399,1.460182888369506,1.5211919220416827,1.3272037278634468,1.2203775702831685
2.072279012455853,1.4871961184338445,1.3796008668265867,1.0831568892338683,0.966665136691317
2.2021802998949593,1.445942173939165,0.910581157595262,0.8436162900949199,0.6189745085299978
2.1284260299877413,1.2653222311538623,0.8546171531346919,1.0090628345946981,0.8452327734673536
1.9652292017201651,1.368171835669955,1.127899662159648,1.3721186346908958,1.2429525787735498
1.695585895975616,1.411643783894646,1.2406568166968115,1.5185151313456589,1.4040198273987476
1.306715259534889,1.3418683063352987,1.1980348764712978,1.5292793460919074,1.47265095359719
1.3048983881130063,1.0905964651870013,1.2231030524336948,1.5279714558322413,1.5136162790274568
1.0161985621214138,1.0050534399717743,1.3326518352196755,1.4855821450531255,1.4361470713893651
1.0560790638527882,1.2994218935863373,1.2840384338717936,1.4209918713252148,1.2963305001974315
1.1050958518155898,1.3373624876583878,1.1883909505503754,1.4525784039925083,1.4068784636991376
1.1077785618881584,1.1911346774380107,1.026806951956634,1.5193524608021545,1.5220625142815947
1.2808389840006391,1.1656701847382256,1.256607482068372,1.5576211812656582,1.5455497934482196
1.1686844058485253,1.3810287190621966,1.3952853945897334,1.5832774032506085,1.523396666982832
1.206602051491849,1.4294261725820647,1.53052705082017,1.5324419014781117,1.4315818520131316
1.2823779749101585,1.4461049326522846,1.5065783910568349,1.4892731937549024,1.396240085438418
1.2899107270908972,1.376363561256248,1.321108177793728,1.5191544124367535,1.4293242198858453
1.4686241089713166,1.253815620170849,1.178106861098376,1.4989612316571934,1.425565356777952
1.453812323109009,1.2967082734491688,1.1796225777926204,1.4994091023589964,1.4244598944660072
1.4057778278691848,1.1468938244643636,1.2014690620689423,1.4550917680000095,1.4290676408613037
1.4759784402590528,1.303021461925791,1.1081867310761735,1.3019136118695878,1.2937698240804596
1.5196908808627554,1.4710523819438093,1.115234421482824,1.248935998836162,1.121547699756607
1.4305122305274907,1.4657291059840627,1.3208059333681241,1.4539059180082206,1.3225829643118474
1.162956195290391,1.3949013228988063,1.269558230243137,1.4861871157091304,1.3009732012934248
1.039733327209446,1.265141336581413,1.3222210724202224,1.4693878286839506,1.3664128878694857
1.2722188814329505,1.1586523038787457,1.2806014448325393,1.4984549355717642,1.495264783401309
1.2945732320799197,1.2654862968796905,1.0848822954679587,1.5439741430363145,1.4833090862185616
1.2347719745718,1.2405110911755333,1.0709986849117878,1.547276835766703,1.4626345590273737
1.0080824981375103,1.1031700582902624,1.2964892257462672,1.533981072667244,1.493631545588585
1.049294287026273,0.9411398975257209,1.4955518793197662,1.5210950238281349,1.5545482677411682
1.2004969751420547,0.9558049616303728,1.4254663266532324,1.5190735372284696,1.531120706103385
1.2717060679340602,1.1975558399225077,1.308290355940221,1.5404988664716126,1.4767877578577873
1.170118761314478,1.2645552969723393,1.3305117494243053,1.5049484755576077,1.4530278500893776
1.0775699157342187,1.0954762883883247,1.2802446069806923,1.489029823317063,1.4865693680097227
0.9851010006247884,1.0204933524322939,1.0780247410545776,1.4995621652294076,1.4804023378413125
1.1158366559924076,1.0117392057117114,1.0410064514504607,1.4284037309753554,1.386359906660772
1.3511984352099558,1.1208401940271608,1.2555715453680267,1.3800162508767633,1.3142001707986628
1.144803975825282,1.2362668762172755,1.3115972736980093,1.4890462593379383,1.3855663386886732
1.9207091522032231,1.3626000759879358,1.3567402385050285,1.4959463843305938,1.460345175464684
2.1413049621669757,1.5246049326423947,1.4900702624110185,1.4335245231216647,1.4749810559740184
2.410070931770322,1.7982190323059195,1.6857415968903076,1.3061219098877568,1.3792787315478816
2.3240572606374292,1.8723049632451787,1.6663019566268196,1.3754147415582199,1.3874219547596793
2.133792197014116,1.6748485285885166,1.518200291270454,1.452385344229517,1.4364999712206323
2.048478974594064,1.639062600817882,1.4610684042527213,1.4399970882999407,1.434950371525858
2.301025905241871,1.7982527604265492,1.4178035993590707,1.500815418180527,1.3255358166547297
2.374111468981178,1.9526840252900919,1.554832480462434,1.5758356602156969,1.262991884984974
2.1195151465066404,1.8279998066485832,1.471708204495452,1.5639499552195253,1.2811737510778476
1.7932816659768367,1.3751457075668443,1.0877144013843858,1.3834634172342855,1.2093054180385832
1.6120655427384711,1.0726194098272357,0.6082508792582758,1.0534229588153572,0.960429741060321
1.6983327054161133,1.0910582425202096,0.6811907107951857,0.8139206589669735,0.7579337549340089
1.7850605915226183,1.3556591780448486,0.8524869778217751,0.8244904331890603,0.8059586411001125
1.6734544074564546,1.3697342203459348,0.8673823123329375,0.941275458474947,0.7769968183387042
1.5423409748725787,1.13462614001476,0.5303051492536885,0.8953227623556186,0.6902084617757634
1.0471689868333465,0.8405716116678517,0.10118269388327729,0.8302802931123353,0.6753187928347066
0.9810519037215149,0.7267285423999056,0.47788327956301335,0.8691308678880689,0.6602995635832055
0.9365544795070697,0.8647927022618369,0.7530160450918961,0.9105247591712181,0.716539152323208
1.1297454166570882,0.941371994796143,0.8869923221641851,1.1261024860602926,1.088563189392442
1.110170342543063,1.222001953132964,1.1981428027248633,1.372514840851185,1.3346888726667046
1.1540550705174406,1.2991533398494037,1.3349712415261241,1.4570259815447701,1.3900593980262088
1.0973868910907532,1.0674359287619597,1.383039787445006,1.495600741104676,1.464806067366395
0.9565220533110995,0.9933719609671631,1.2639314645695834,1.4817145350771235,1.4698005602326458
0.8319696677419075,1.224074291614891,1.1050733406250897,1.3999721692590084,1.403015766663709
0.9503072865104631,1.3456591772400095,1.1368683641343884,1.3570801658215133,1.3643021634821537
1.192673890521445,1.238136782926226,1.2577745206195245,1.4912399318286744,1.4542367475063926
1.050760235353329,1.1504819973705123,1.4258567593853073,1.5029896375289242,1.5085422802464352
1.2479447897497484,1.197396158331518,1.4662705648236583,1.4590753663944327,1.4876388466653978
1.1758328468583537,1.314157480498734,1.4781558577302512,1.421539911097517,1.3960477909255529
1.275052321015262,1.4088994194337425,1.4846880176689574,1.3998549969248546,1.3236634059107495
1.3168055278257083,1.3533824928368117,1.4184082449994193,1.2848227287530045,1.1797643103143434
1.3731810493386054,1.2717877830693753,1.1355248472956678,1.4123241557323523,1.3622150790878047
1.330262870279336,1.178867629435429,1.1326141934747493,1.5278967073174943,1.469131874902202
1.3151700084837528,1.2784856991016704,1.0971163602815428,1.5403851031570537,1.4341878733711728
1.4443486479028698,1.2570734132626307,1.0943055732879932,1.5154827870581458,1.4121986203884784
1.3793265320792152,1.0024679346305398,1.145642749403355,1.5104125967001736,1.4277060392646868
1.1536179919541993,0.7517198124297378,1.1685429688116724,1.5188355557008073,1.41420840197191
1.009140436174301,0.8955805959645982,1.2790792618631595,1.5065924865673725,1.4532575043056284
1.0867953719221575,1.0692506607245056,1.3185303128816972,1.4800834670266614,1.4612834948273052
0.9417953735315925,1.1507733074989728,1.2903973259936312,1.4640654158377608,1.491670496108343
1.3917583044493524,1.248019258454951,1.15508878556222,1.476182739072013,1.4496386053626362
1.8330646615550128,1.5596413821439867,1.296514042716525,1.449405622674363,1.38880213217615
2.2977665944478196,1.7872332174905927,1.289949102771376,1.3995269072631886,1.3337106173665183
2.4160215034248957,2.0059770044808065,1.2149599487349343,1.4384893286648146,1.347295826659516
2.418022630625385,2.0137885852820467,1.2362246564065809,1.467824410452592,1.3841029049549876
2.1248012484479983,1.7286340025767546,1.3159737748518066,1.4789557186992177,1.427565168091481
1.7981558979382435,1.2584159851214043,1.2161089630840378,1.4981796531324154,1.3229317775508889
1.8601541790376506,1.4113091978306742,1.2085202799404025,1.4200206085298197,1.1821737194421431
2.345818989253217,1.6884077341840324,1.2741407635702633,1.1484598534601493,1.049907568464833
2.505748938038778,1.9388529388986342,1.4021275650156877,1.0750161584704867,1.223483054168207
2.5994827856374174,2.020979629733788,1.4322132489563173,1.0791129700851088,1.2831274742429766
2.5893418499299097,2.046187769549732,1.5579910434635051,1.1170799273763803,1.3804291974341474
2.5973211483878753,1.9907546739997004,1.6302761506768597,1.1764235500634117,1.2824747352093435
2.5520924426881586,2.2944353227030687,1.8551142494891806,1.4902578762258363,0.96067519953279
2.4085105578541572,2.387981375460582,2.0772564270694,1.585565673639135,0.9527428108519089
2.3229216934564634,2.199901754273537,2.089394199964951,1.536303873818033,1.055291169887799
2.117983494281051,2.2105117404741024,2.1209170870769385,1.535784226262001,1.0843041090889591
2.3413543340332614,2.0719183814629556,1.909614599219485,1.379708459891329,0.9447599027435756
2.454398027244731,2.0210409475685736,1.7711928526252743,1.4461037669776151,1.0075907233022563
2.5964747799817127,2.084799690895612,1.8719266787892264,1.5531959051612125,1.0788940235353017
2.519721465678449,2.111814903447167,1.9010159189696005,1.5226655982076631,1.0564127358743645
2.495080958612958,2.090371195182994,2.001706127289077,1.5682131987033585,1.1350600319678037
2.5556314231150754,2.1854248318918748,2.023361864727931,1.6744125428680565,1.2483734831972602
2.3797228669358073,2.346854343537219,2.1640841535391897,1.6513002478166734,1.340941155833724
2.4985557046260625,2.3407451942789677,2.157924536751084,1.7578019950755563,1.3737477216300182
2.546376934606717,2.1233369747386313,1.9211963217253945,1.7769217811296953,1.2497456677948766
2.5040074908429,2.088939750221049,1.8447392703180827,1.5857407052242727,0.9685214647508423
2.5648109926762888,2.0713796578270065,2.117703303406202,1.5399898821809859,1.0201613872423352
2.3715730839389257,2.159981728866386,2.2908736827511924,1.6770582059624988,1.3155837259016638
2.349561787083283,2.3422371193773053,2.2498794365584045,1.6960477477524118,1.3710719343989992
2.2172083484307605,2.430033105005102,1.9607740137188965,1.635330956331839,1.1918724363227555
2.295830609927138,2.412329842881077,1.7989830213971743,1.643433140377126,1.02626635586527
2.3118298022181514,2.3772442465768444,1.9988053368463519,1.6934211408507092,0.9688031971184964
2.3388511599356168,2.3960471540532935,2.1353938674440576,1.7143478223028925,1.001882144534359
2.2903052673067377,2.4019478598466844,2.1599059899514703,1.647612682190062,1.1027505881478137
2.4545262038034803,2.307983124016786,2.1463084366280825,1.7337756503924875,1.1012468840520133
2.333417486710701,2.197504767121136,2.173237354099109,1.7974289760796385,1.0433987308452475
2.3486444499176398,2.0079933148022455,2.107698914458637,1.7592164199281537,0.9468681804231596
2.0461716854286283,1.9241841922826306,1.9313014174786858,1.6687301171770959,0.903980746050739
2.155126010492618,1.6674582633320807,1.6435468947245224,1.3757939307335545,0.678661652851585
2.431198318702957,1.9506699068153155,1.6802113665761196,1.27034498897026,0.5564179163362033
2.6531799641228613,2.08312285216225,1.8238506246099215,1.4082755783018464,0.7060383494354406
2.597372402989993,2.0830990201495374,1.8187437447100883,1.4339498606679093,0.761499513773935
2.560478170459197,1.946913688892643,1.6639471632389933,1.458734841046439,0.9352685835506565
2.48556233866452,1.8918790889086818,1.9108286695970855,1.6284564552825493,1.2370429118419144
2.627859508039611,1.8497058578707928,1.9723691070600864,1.6873357067372448,1.3558657432144845
2.359923210991998,1.670249314085713,1.7632376750401233,1.5834551194071926,1.224974397019183
2.225935539143461,1.4016759622654495,1.2670804018128463,1.167937819366549,0.7780206438564562
1.9773593792216213,2.0199293231675153,1.8589226807078292,1.297366136004746,0.8359084139826753
2.1775205886145756,2.2477974321726526,2.1001611981780153,1.5197546832343225,1.0585651152419289
2.4555420607432206,2.1433789600719355,2.0380908550362653,1.4277920576547067,0.9638338114110323
2.515848404019879,1.9282948947556005,1.7138621997506218,1.0439721408494467,0.5290149614940639
2.5485377738153354,1.8470483727476763,1.4234274778773417,0.7429830928778698,0.17307460539504566
2.274288083418827,1.7429096947089444,1.0981247215239516,0.4682995461242214,0.10891062222782548
2.115070968085093,1.4512553135213597,1.0118388339427073,0.39085001627275057,0.020904369402183782
1.6998124918417208,0.8634703690710891,0.8371518779343855,0.3986841786947726,-0.020492861121043923
1.7468996230115392,0.6924090226338603,0.9475126525458932,0.4193962723644009,-0.0014832865140072867
1.7495676862013054,0.8749088673621533,0.9447692897456196,0.47797064144023216,0.10089861575457112
1.5195153294859813,0.7609318328962353,0.8600215121823584,0.4492933753806658,0.08224558696609419
1.467918627016656,0.5061869317053174,0.6268451867157109,0.28462332459687734,-0.03287755195207809
1.1345642402005547,0.3856509067756088,0.31059580693232075,0.11334646274548263,-0.223280743142456
1.1970650811336643,0.5500634340619885,0.18062309383451014,0.05151291003321011,-0.23667585118823742
1.3175823156176507,0.7410484924512671,0.07256835941922968,0.0949741476237777,-0.23023788403888543
1.2766138234002629,0.7633351435721616,0.01815391152845407,0.06976594687107213,-0.3100808689974865
1.1743813364773807,0.6613622354861679,0.27852173369829825,0.075978604076632,-0.35508946018642623
0.9296544288834161,0.6496498097553156,0.26954044500880947,0.08047615145854214,-0.3212848294128068
0.8173526730949705,0.5242002536364999,0.3153072565138789,0.0036912916548187433,-0.2716883781612219
0.6260419278554281,0.37322042583681697,0.20368930720404577,-0.03968925177786635,-0.32379736559796934
0.6038051468583184,0.3766468894971776,-0.16907334914415184,-0.12457494904018464,-0.42169808011626686
0.6683080761766259,0.4387647082748307,-0.31098374287439196,-0.16025474521713898,-0.3328640491884048
0.7147318895608314,0.4147678160728943,0.08100055774752118,-0.1633262921185082,-0.3024264988019963
0.7867130507858152,0.5012215694051926,0.15091876066375845,-0.1430148908540146,-0.2477556351527451
0.6486748123832391,0.5510761370555192,0.1610552709220358,-0.21905907407189384,-0.18160164012120641
0.7561761412034872,0.3455746754232179,0.1546798469951942,-0.1636924234307374,-0.13871575545627965
0.7197619159290908,0.1780067687787741,0.13640401579038397,-0.08987652619453014,-0.20892549848460587
0.5115506555034798,0.1266447851763957,0.1212316674389916,-0.09900634598737434,-0.3226134974259348
0.6389228115138669,0.2858744704935234,0.2491616703451706,-0.10584554530017763,-0.3900035939198478
0.639565251445444,0.4550071160492204,0.1550143101560383,-0.08085324076707615,-0.47948786539846916
0.5880182581588634,0.36578650536930196,-0.07924780463307696,-0.080323701554014,-0.3908702789806818
0.7043964566024633,0.20750695124842772,0.031254774414922436,-0.016634392716248912,-0.20285665540314055
0.7517436267113831,0.6951289186443165,0.3199687175199039,0.09872908694801877,-0.2007752973563465
1.3210726330291487,1.3338839794593897,0.6413353622862097,0.2890474128085425,-0.15975222852420293
1.6183467911908083,1.6073076311422785,0.8938110979670063,0.48496978363145665,-0.01505504761173928
1.6250323546348258,1.562845110588098,0.8944608725139664,0.4164465041717643,-0.0429296896194805
1.420754832895749,1.1760120410468367,0.5497997331584487,0.13252493159755058,-0.15665870733033685
1.1299758655842378,0.44677571906160435,0.04651804401119065,0.022414080595185563,-0.24656206660695293
1.1748748686473653,0.25866310875528736,0.01922246729587703,-0.10392893489555209,-0.3485055936997178
0.9596158626880681,0.32278342564079443,0.055134910152337104,-0.08507037189605332,-0.35736784535684474
0.7666852789352193,0.14934499989015335,0.20182168564556419,-0.02072067173938346,-0.42247606814169575
0.4145496364722072,0.10630501279475302,0.18980208132415477,-0.04724284652613357,-0.4286780032809831
0.5346667128257877,0.1147067642556033,0.2693870995606272,-0.07330516027552034,-0.4583153197604645
0.6871460805758222,0.32657764160343916,0.185687019988048,-0.08650351743016117,-0.38298593209438525
0.7482838786180268,0.4318938533801912,0.16837207118167857,-0.10984761105371287,-0.3677660339649715
0.8599110849994012,0.4420798426749508,0.3575071862264455,-0.11837124975827511,-0.37460286206297344
0.7646114114740472,0.25906488136586003,0.30137237465397876,-0.13994790205001414,-0.32546714959691414
0.8139919245034458,0.15592392230874924,0.20905502612306925,-0.09456293800084557,-0.27748735834898147
0.9038221049534361,0.8028065833738481,0.6518447211866842,0.04843194185881082,-0.2890244987802169
1.1400917044098995,1.1325516252714285,0.9247484549653379,0.15464764534478373,-0.38761910879000866
1.044722672594365,1.1098393163884621,0.8529963868010387,0.1421211880153684,-0.4276731300052497
0.8648513929035693,0.7293018013047077,0.3912230181717518,-0.03419604603429829,-0.38749787977989153
0.32361249291778993,0.333608552439128,0.19872244670994374,-0.08586064025297543,-0.35719960831291414
0.35195577836944764,0.26765405104511863,0.11837835612796672,-0.049433948818614126,-0.28002376345243624
0.24375295406424227,0.2008650591645612,0.20041817747609061,-0.12051080541881326,-0.29352041025597825
0.38394868995532666,0.035627318948062585,0.23419871361699152,-0.08464166832138909,-0.3159406159407174
0.5600998630001709,0.06877621000767027,0.03683112728769733,-0.05503813098938669,-0.3449614934555189
0.704705548837245,0.1400191403055515,0.10808794242970608,-0.06391299661654024,-0.37367632414613056
0.6022610175117511,0.05053756352439139,0.10550536310020385,-0.12161109852715911,-0.40797044765910767
0.5085007350082882,0.16715339410413815,0.1425025919857308,-0.17997758327632715,-0.3982042336654796
0.5993981044640782,0.2263387171881402,0.21315186821233634,-0.1602796374644691,-0.49150701854952794
0.6125542029946649,0.14700460340348395,0.20562598932401685,-0.1415675837608365,-0.4401437116022721
0.5326012001270903,0.2263093296851997,0.2515471448487599,-0.13427575881310866,-0.3727803345821908
0.2380697253917279,0.23422753171195082,0.18732954361380982,-0.15407707184823427,-0.35174227478700304
0.15734362688378137,0.18354534537762346,-0.14292614426540148,-0.25772055338835953,-0.2743679068546188
0.45475728133989735,0.15535911374977243,-0.2835720541060729,-0.3302155434481351,-0.29627894705110946
0.5413760573049752,0.06451854497340549,-0.03351461828845156,-0.17278305078871095,-0.3904894774088833
0.3526734083359627,-0.1533024320593305,0.055607499489429606,-0.0806763988682382,-0.39652765279039276
0.27439169338730557,0.10801477083892304,0.0525598549697921,-0.15417529321495013,-0.3746055267627865
0.24770708875027156,0.18556552624697428,0.1508076669488725,-0.11560586267228455,-0.37164739516732453
0.10429379451388718,0.38272599083882336,0.11990906526596543,-0.1196156718481316,-0.3677237779243248
-0.02152572620415005,0.3660003937808206,0.08156824832489033,-0.19968749821674567,-0.3218201484573033
0.1403310971912785,0.09093746216329592,-0.06667727439935447,-0.3094908706689112,-0.2863707504094744
0.19690644333772928,0.0975795697970874,0.06708331627454647,-0.206580738073153,-0.24975849250440793
0.21219989027867606,0.12044095796231,0.2009443136715928,-0.17506974407407014,-0.23383492519666002
0.08879063537635681,-0.021655860443463387,0.1267998377844541,-0.2659746936925355,-0.2940198349967665
-0.11613943409893361,-0.00896847328454114,0.10833698559018788,-0.2873941998930682,-0.3679041752290075
0.0993177244093088,0.006775991175833213,-0.06257804865206858,-0.33043014055299924,-0.3665956091425414
0.36796025491794443,-0.07089662627925494,-0.1640639233826869,-0.34726222503758014,-0.34295272960792406
0.7917760256642836,0.13384813269450527,0.013633244053137336,-0.3085300227924204,-0.32537659008803355
1.1167495815354191,0.92847705446437,0.5863589326467348,-0.0613081255488956,-0.32224719922759176
1.3883942870407813,1.2950545819768906,0.8850845655769566,0.13745752416919965,-0.3202782199824237
1.4984083389890617,1.300720198391418,0.8561595646309668,0.16395485569424062,-0.33712395514107596
1.361810135950992,0.9991614377226922,0.5019837626201474,0.032782515244755596,-0.3997537494035457
1.04456850571697,0.5766411829940694,0.06468137110245992,-0.1321191119496067,-0.3551629143427286
0.5482732942000321,0.4477231869221288,0.02965928989070183,-0.1358856568114127,-0.27540843793079994
0.3044708085573773,0.40006145538464183,-0.1752092632521561,-0.04590241234142033,-0.18177018986062335
0.45937741819932376,0.4155490779918835,0.08766351148484577,-0.06853461776611168,-0.223981815634005
0.40760578100547445,0.3014101755591035,0.12557997281926891,-0.05014396898953979,-0.3253400911871897
0.5153005765972074,0.24847695264983,-0.0013445744233950422,-0.07294142585238211,-0.2701122750179963
0.6898703966823422,0.2899103696276167,0.13528554545766913,-0.0692801586836138,-0.25985366007387684
0.7140625578667029,0.32853642366335867,0.3470521903676161,-0.048386456997282425,-0.197990350113738
0.5871128610538997,0.2991276979278917,0.30570188196077136,-0.08441256078978691,-0.16132366268141418
0.5995991215936701,0.4340311555901155,0.041656896469139656,-0.0804569490426712,-0.3203438811329685
0.5729407574107384,0.37837143512282695,0.09462157951498364,-0.041152509395383535,-0.32138838097735495
0.2026337791279566,0.18070178571979043,0.1340806166732481,-0.04615980436560937,-0.243055112022736
0.24693175185185295,-0.0011324287977790622,0.12267115948281744,-0.0818064811107336,-0.328980761755978
0.4192813667836498,0.2440058835360178,0.09256620013727723,-0.002231039112743876,-0.38118780730747254
0.29085206053511176,0.2523085026763754,0.018729557881330926,-0.06892424226420486,-0.32907681807546324
0.14902025543984276,0.06251037912597061,0.05257372662683027,-0.15011033779607613,-0.27509939305418746
0.14229830053422043,-0.12944275343274264,0.08560584955114284,-0.161838412148713,-0.31658060634269986
0.1746669491717211,-0.06841235088601805,0.06190863551840478,-0.11521668737864213,-0.49001157023593694
0.45991442470811905,-0.09831296541139782,-0.1623413727466018,-0.11903904863589394,-0.43243493355544166
0.5390704263138908,-0.3284666653305588,-0.20017914925531852,-0.11344097633060757,-0.3944520260249609
0.5390767191039243,-0.06904251601017662,-0.3147376285900525,-0.1511938242500902,-0.4065247464663617
0.5329193905053506,0.15198309555633838,-0.06421522723467873,-0.20773349059231117,-0.36918067342483796
0.1717038415529808,0.16101445491644703,0.07100215732553257,-0.24329948749602984,-0.40696505102659264
0.09019713561531799,0.14719109030000158,0.05438630194787894,-0.16397288283610423,-0.4448759015870738
0.31637531087628995,0.058969959975892584,0.14023198892361788,-0.13361958746204988,-0.34148000878006957
0.5721350187099886,0.17928760002343436,0.12618996437359628,-0.02423766331359175,-0.3032360827746922
0.6373216454082006,0.4538264803289375,0.0746475847490639,0.04390357454086267,-0.08615024141509807
0.510866937624343,0.4229826426713199,-0.05685158151706682,0.013809559343627703,0.0744525753581119
0.49479853261291995,0.208854798495597,-0.056986821812570546,0.01289377255081373,0.0561114351314255
0.2533096576967494,0.18902842372927517,0.14846643998645248,0.04197618237446811,-0.07014220640223572
0.19107072418603363,0.2328896118550206,0.13695681354489087,0.04915064161466069,-0.24281779522841712
0.29877189115963415,0.23843762637566934,0.06611795390933735,0.03044086285975286,-0.2824877366333948
0.23067952231075367,0.20983296647022148,0.0329242220830223,-0.14677224969150915,-0.32923465602478025
0.18017233113637215,0.20437949195056748,-0.13954019619123573,-0.1853952756680765,-0.3346020611551913
0.2274028596849033,0.07332492129509385,-0.05333159004353968,-0.09269019063298568,-0.21681121520235538
0.38658183834840204,0.13839975086080625,0.03216294047103095,-0.09078689202130732,-0.175632623674107
0.27108501737316687,0.19987406271241673,0.22881287068169273,-0.19963356713339905,-0.3108720855404571
0.41089076672945035,0.32275892428052483,0.2007087879709319,-0.19805562546928107,-0.3125744771845313
0.5094518367055485,0.3478746554033436,0.10310811505767607,-0.18036705225785396,-0.26134258563573126
0.3787198254217896,0.18000074908989425,0.05312520115132873,-0.21021742710606242,-0.2981736304606516
0.3760474753230541,0.23603718754760994,0.0916680214469402,-0.2734612191628122,-0.38111006468922515
0.16128059288331326,0.20681092507347096,0.29621174117540316,-0.2009191416997353,-0.4426606232492287
0.055459289489066435,0.07054398143791979,0.3065552930551382,-0.10092259902753756,-0.30941666006215
0.16337394995143578,0.03804964055308961,0.1943142730665564,-0.0770644632955612,-0.24768128515686627
-0.049374212586447426,0.33779884748608685,0.16413213381514946,-0.06806930397216426,-0.36581583570586956
-0.07160825468424145,0.3749152456413657,-0.06787233211163865,-0.05745218332720375,-0.4853336828188556
0.11168503203030167,0.24309795319457508,-0.15670615971515084,-0.1469965707410474,-0.5114955904180222
0.049214157205908014,0.08816550271771223,-0.21297449491019668,-0.1349779629718448,-0.573163943365314
0.1370477370586517,0.1855245376459513,-0.18032786297740971,-0.13061651884106762,-0.5349762953499682
0.17277294167581625,0.2007029078567587,-0.10735107217167264,-0.1447947489382644,-0.38763845444500605
0.043479953200335535,0.08887789718199011,0.19268965230194318,-0.08450959272215904,-0.2805963790907737
0.04107476285953189,0.24431955189297405,0.24123737494314948,-0.021784655787148843,-0.317633871492699
0.04414840496770762,0.10349763684412351,-0.02360511156580329,-0.03186600023323977,-0.48656011318944253
0.1371469354336077,-0.08386031443256153,0.0933258397970212,-0.011665478776872181,-0.5397280071735683
0.3096439990071791,0.17660003630225343,0.21096678725022705,-0.04248588787641087,-0.5772565190248541
0.1716923245129671,0.315239819396061,0.08693197671372958,-0.17342075877892216,-0.4907378323027917
0.1845382999355572,0.266428663821833,-0.01637266399197712,-0.2289499050622205,-0.35156157599120097
0.18748949985400817,0.3378096075671245,0.014632121507280361,-0.2330159338808771,-0.38662274173700456
0.3214599720707636,0.2973395953104715,0.007923830322410957,-0.13413459590393365,-0.48284829038240723
0.16818925989046088,0.23559289160182015,0.185158626976183,-0.04085185957324895,-0.4244616269690545
0.5193903408679261,0.4199882169653192,0.23837050174898664,-0.04543009988899491,-0.37673770989716576
0.8122939982178338,0.8823726495304333,0.5972789460056797,-0.04500860333133808,-0.40683651308607666
1.0871181835259858,1.1084593123418762,0.7997400916978351,0.02331658902062416,-0.4059132801498501
1.0793274061773674,1.0198319242310891,0.6811150768171119,-0.018267582339341244,-0.4199883308727521
0.9121254876248153,0.5707706069828558,0.17353741041018533,-0.07159595503022015,-0.4079196593427332
0.6693587676878954,0.17441153496295905,-0.054584762547640255,-0.007250519650826952,-0.3160055238572299
0.3686925302401434,0.15207402901248296,0.018370500529836464,-0.01137435287645897,-0.2876668373831446
0.12186534974142928,-0.00875053783017107,0.10196214330583137,-0.17226550958184664,-0.23304763436399678
0.5758654897590111,0.22524004862861,0.22555599331154588,-0.2348067409946644,-0.2816007557613409
0.9282136201276596,0.8393524133380592,0.6450286553377828,0.06662233446023992,-0.23901793916090566
1.1915943787141212,1.0453052330227028,0.8099772017891034,0.21525510413380505,-0.31485677745724316
1.1349985096460093,0.9565046911509051,0.6419025702421778,0.12066411626575686,-0.4413081852863561
1.2053418791574164,0.7788748291450552,0.11747237957729251,-0.06166385740471468,-0.32791345596605387
1.0115712693332315,0.7133725376152281,0.16816342753419516,-0.05703147818518923,-0.28650791137883247
0.9347663373659914,0.567503201617047,0.20868127044506213,0.05280576813028625,-0.13665662718772165
0.7188266279816256,0.7611316730593367,0.1717178768775102,0.15452999882136728,-0.030839960102017675
1.0832900937746575,0.7956837246399399,0.4705090918309078,0.11445663002725175,-0.005139370706747868
1.192721473457455,0.648599765823726,0.49065419051356524,0.022068328141144768,-0.09417192204506787
1.0673063041735638,0.7207508482596486,0.30360393890839293,0.0029219598792030016,-0.20722547586762302
1.494829280930887,0.9317834877880873,0.3441133461715297,0.14519462547911913,-0.05544592540366826
1.886591239780041,1.3462777627415774,0.6477501123508386,0.05175953537733272,-0.1403531252403994
2.167631219470433,1.585335979874492,0.8274292233945727,0.3950569368238232,0.02788364614977321
2.055469194109489,1.798151209809721,1.197385612734107,0.4783402209976981,0.2144958137999504
2.1517062205221515,2.086980984309439,1.4642455538154175,0.8279097908705408,0.41186672835811017
2.310684345109468,2.0833492305451604,1.461969329069951,1.0356512602670365,0.4172396606289318
2.3836801055690926,1.9431160219710006,1.4546899718868729,1.1098080866329958,0.3704189614258037
2.2791713805763987,1.7001645981066564,1.413817914161416,1.002599084900074,0.24994993854236552
1.9506185200335373,1.3156769245939455,1.3359083425218972,0.6950771732930736,-0.038539936330823074
1.5358564738008358,1.6183249102456494,1.3965263959103547,0.48925889860464955,0.06830942920853703
2.0515327212990533,1.5968491095307773,1.298792452033127,0.5051072719025587,0.04916667404323193
2.2729996066696216,1.4815944317470968,1.1319768986499383,0.7959000083493838,0.21991680417537557
2.5391566945530806,1.8234093803328812,1.282424282963424,0.9799324571314492,0.2833306820915331
2.447678039583624,2.0421922156712764,1.5366117839669517,1.1675906901931934,0.42441718329509337
2.3744335965550643,1.9771630790247767,1.5649383823638685,1.1782827714167818,0.5100856706882618
1.9512338017521305,1.6526965048267253,1.2765115845144073,0.887733984155985,0.5191731398100919
1.7257267112135704,1.6132333676255346,1.0114480493641123,0.5634639832591541,0.4560560006306118
1.7723205483297253,1.4966408589773361,0.986065991361318,0.5471896585808399,0.3172642365760845
2.017579031591181,1.5897044782648218,1.0210498429283856,0.5268824588983544,0.19580562309172997
2.117017485303537,1.8042739382838153,1.0943209216268077,0.4486561194223016,0.1555685379602694
1.9299558288047243,1.68523929922272,1.046333934749934,0.33330810570754393,0.28437243295753467
1.6603187647067166,1.291025464238171,0.79937359814608,0.36250222835014223,0.35427059847223186
1.3873456200598964,0.7165010852621354,0.6500905616399236,0.3445150712300633,0.3029213200344712
1.2908497718237375,0.3641927454568854,0.6240469339829261,0.2940333541546296,0.20037699230406514
1.1671957998168534,0.39453272611034745,0.4465102011160681,0.1499812460334465,0.10938820795354781
0.7784394312692688,0.3511807562048206,0.4910492426469909,0.12523450652158974,0.13374613848646788
0.7396346032503361,0.439417670140443,0.5322308806151863,0.1450212725342607,0.17821498695902604
0.8892640520994294,0.5432486304486942,0.4642325271165752,0.15894833042256504,0.29682654376714696
0.9539810986982862,0.7305213990985703,0.5291067071115495,0.18711648957683824,0.36507828807998477
1.4551887469222402,0.9805486863526691,0.7204138865338037,0.20471483150494837,0.35068865132059995
1.5371911231389765,1.1072125557217891,0.7575141789028279,0.17740098217881153,0.26608766997090877
1.530757547002499,1.174628925758582,0.7964653744055556,0.14416078647933211,0.14894664280077638
1.3782931174737454,1.0930473604865447,0.7595269517127105,0.060820556533218884,0.0580702461349763
1.0388275134043357,0.777402299691998,0.38388454147114665,0.029156235944046593,0.006006821212426315
0.7525160599585342,0.43998984167201316,0.09991092649589182,0.07271363132073763,0.004873609302359092
0.9245286734217838,0.7068092743390697,0.1403123235937881,0.0641759261761197,0.05619390379125038
1.2726022249728253,1.1836324224477857,0.5733466659691215,0.00806050368189277,0.09319087861704935
1.3919259268462825,1.302022796898011,0.7345190131808034,-0.0065604928232979864,0.033277624774087376
1.281395260353122,1.1046694571963478,0.5856704421539698,-0.08522614039829883,-0.051443740038987606
0.9793540275444595,0.6617438254189251,0.35821486075374737,-0.004737676545116097,0.004378057385372876
1.0691937545060504,0.9766730445390753,0.7289576967624264,0.19340023157691888,0.03647290333500399
1.2571432681611059,1.2467195431352722,0.9601945583625403,0.30629644696871405,-0.004522640994234936
1.4051095853446545,1.1754997902059208,0.8845163901180786,0.2209619673178103,-0.1351602339446552
1.227640991263876,0.7139638263241056,0.4671340118595685,0.036515711241978936,-0.22590777624918199
1.1638967711738084,0.4250796653891717,0.14970215673289108,-0.007463728729527356,-0.2172959931036917
0.8604748295468038,0.3790964143225348,0.0565292317906847,-0.04615394145663146,-0.2391220308272791
0.6151166721657054,0.09185039696565687,-0.051399383873747415,-0.12699457930123118,-0.37562700480568617
0.5430057777033285,-0.011836069418500265,-0.0034181457522497786,-0.10327063244566163,-0.36095497135289745
0.9667845287176844,0.4620565383303791,0.12152523370729532,-0.12756529920962512,-0.25360072065168215
1.8827205434306722,0.9088820514964614,0.8003801614572302,0.2322631946427502,-0.04519710136661588
2.098239866669139,1.4332297270680487,1.1068422740973982,0.4032712139544125,0.0806675002566305
2.4301045147429248,1.707178978092351,1.2751816256243826,0.6593967940424527,0.14117156859960212
2.529688958222415,1.8842497280431036,1.39381553278375,0.8239442521581749,0.23540695110587778
2.4751425893328185,1.929735783757359,1.5106701837660734,1.036136031165032,0.49387753679946234
2.37519734224161,2.307207123585153,1.8528449693982083,1.3476761094910024,0.8702037409414917
